,folds,val_acc,val_auc,test_acc,test_auc
0,0,0.8557114228456913,0.9519840541316621,0.8704720087815587,0.9506393597934384
