,folds,val_acc,val_auc,test_acc,test_auc
0,0,0.8529411764705882,0.9006145156507476,0.88,0.8645427758334968
