,folds,val_acc,val_auc,test_acc,test_auc
0,0,0.7963800904977376,0.8590788160957766,0.7640449438202247,0.7758974358974359
