,folds,val_acc,val_auc,test_acc,test_auc
0,0,0.8517034068136272,0.9488787400230935,0.8715697036223929,0.9496280346169804
