,folds,val_acc,val_auc,test_acc,test_auc
0,0,0.7909604519774012,0.8586340206185568,0.8732394366197183,0.9310897435897436
