,folds,val_acc,val_auc,test_acc,test_auc
0,0,0.899390243902439,0.9562214036634088,0.8780487804878049,0.9738605968599462
