,folds,val_acc,val_auc,test_acc,test_auc
0,0.900497512437811,0.9294642857142857,0.9117647058823529,0.9166666666666666
