,folds,val_acc,val_auc,test_acc,test_auc
0,0,0.8156312625250501,0.9296997780408506,0.8502202643171806,0.9442672500996429
